{
  "success": true,
  "terms": "https:\/\/currencylayer.com\/terms",
  "privacy": "https:\/\/currencylayer.com\/privacy",
  "timestamp": 1548837546,
  "source": "USD",
  "quotes": {
    "USDAED": 3.67315,
    "USDAFN": 75.764505,
    "USDALL": 109.000097,
    "USDAMD": 486.040074,
    "USDANG": 1.78525,
    "USDAOA": 311.372497,
    "USDARS": 37.635997,
    "USDAUD": 1.38925,
    "USDAWG": 1.8,
    "USDAZN": 1.702501,
    "USDBAM": 1.71035,
    "USDBBD": 2.00185,
    "USDBDT": 83.618026,
    "USDBGN": 1.71045,
    "USDBHD": 0.377035,
    "USDBIF": 1796.8,
    "USDBMD": 1,
    "USDBND": 1.57585,
    "USDBOB": 6.88895,
    "USDBRL": 3.720098,
    "USDBSD": 0.99675,
    "USDBTC": 0.000291,
    "USDBTN": 71.213985,
    "USDBWP": 10.418008,
    "USDBYN": 2.15775,
    "USDBYR": 19600,
    "USDBZD": 2.01585,
    "USDCAD": 1.32481,
    "USDCDF": 1629.999817,
    "USDCHF": 0.996198,
    "USDCLF": 0.025048,
    "USDCLP": 667.198433,
    "USDCNY": 6.716498,
    "USDCOP": 3154.1,
    "USDCRC": 607.095023,
    "USDCUC": 1,
    "USDCUP": 26.5,
    "USDCVE": 96.902501,
    "USDCZK": 22.543947,
    "USDDJF": 177.720197,
    "USDDKK": 6.52625,
    "USDDOP": 50.440121,
    "USDDZD": 118.344979,
    "USDEGP": 17.631,
    "USDERN": 14.999704,
    "USDETB": 28.184012,
    "USDEUR": 0.874255,
    "USDFJD": 2.123204,
    "USDFKP": 0.75999,
    "USDGBP": 0.76305,
    "USDGEL": 2.654961,
    "USDGGP": 0.763215,
    "USDGHS": 5.005102,
    "USDGIP": 0.75999,
    "USDGMD": 49.515046,
    "USDGNF": 9116.750227,
    "USDGTQ": 7.729704,
    "USDGYD": 209.164952,
    "USDHKD": 7.84395,
    "USDHNL": 24.39797,
    "USDHRK": 6.490598,
    "USDHTG": 78.649495,
    "USDHUF": 277.234963,
    "USDIDR": 14127.85,
    "USDILS": 3.677797,
    "USDIMP": 0.763215,
    "USDINR": 71.184977,
    "USDIQD": 1193.25,
    "USDIRR": 42104.999977,
    "USDISK": 119.779873,
    "USDJEP": 0.763215,
    "USDJMD": 131.960271,
    "USDJOD": 0.708898,
    "USDJPY": 109.326975,
    "USDKES": 100.894012,
    "USDKGS": 69.827498,
    "USDKHR": 4009.050379,
    "USDKMF": 431.249797,
    "USDKPW": 900.065228,
    "USDKRW": 1116.813363,
    "USDKWD": 0.3032,
    "USDKYD": 0.83341,
    "USDKZT": 379.560253,
    "USDLAK": 8564.201128,
    "USDLBP": 1508.850057,
    "USDLKR": 179.159664,
    "USDLRD": 160.874988,
    "USDLSL": 13.619517,
    "USDLTL": 2.952741,
    "USDLVL": 0.60489,
    "USDLYD": 1.383502,
    "USDMAD": 9.52775,
    "USDMDL": 17.116501,
    "USDMGA": 3501.450496,
    "USDMKD": 54.130499,
    "USDMMK": 1510.750276,
    "USDMNT": 2628.935119,
    "USDMOP": 8.082198,
    "USDMRO": 357.000344,
    "USDMUR": 34.343502,
    "USDMVR": 15.50053,
    "USDMWK": 728.31994,
    "USDMXN": 19.073949,
    "USDMYR": 4.107802,
    "USDMZN": 61.950059,
    "USDNAD": 13.830299,
    "USDNGN": 362.289996,
    "USDNIO": 32.57496,
    "USDNOK": 8.49176,
    "USDNPR": 113.670157,
    "USDNZD": 1.462165,
    "USDOMR": 0.38504,
    "USDPAB": 0.9967,
    "USDPEN": 3.35565,
    "USDPGK": 3.25215,
    "USDPHP": 52.328067,
    "USDPKR": 139.735014,
    "USDPLN": 3.75578,
    "USDPYG": 6064.550576,
    "USDQAR": 3.64115,
    "USDRON": 4.156698,
    "USDRSD": 103.5498,
    "USDRUB": 66.063498,
    "USDRWF": 896.44,
    "USDSAR": 3.750596,
    "USDSBD": 8.0729,
    "USDSCR": 13.669723,
    "USDSDG": 47.625497,
    "USDSEK": 9.07168,
    "USDSGD": 1.350602,
    "USDSHP": 1.320901,
    "USDSLL": 8600.000324,
    "USDSOS": 581.000014,
    "USDSRD": 7.457991,
    "USDSTD": 21050.59961,
    "USDSVC": 8.75125,
    "USDSYP": 514.999731,
    "USDSZL": 13.616002,
    "USDTHB": 31.392828,
    "USDTJS": 9.43075,
    "USDTMT": 3.5,
    "USDTND": 2.961196,
    "USDTOP": 2.25765,
    "USDTRY": 5.28135,
    "USDTTD": 6.76845,
    "USDTWD": 30.7705,
    "USDTZS": 2315.000406,
    "USDUAH": 27.770206,
    "USDUGX": 3665.350084,
    "USDUSD": 1,
    "USDUYU": 32.596134,
    "USDUZS": 8368.202396,
    "USDVEF": 9.987502,
    "USDVND": 23195.5,
    "USDVUV": 113.658416,
    "USDWST": 2.590474,
    "USDXAF": 573.679813,
    "USDXAG": 0.062588,
    "USDXAU": 0.00076,
    "USDXCD": 2.70255,
    "USDXDR": 0.715844,
    "USDXOF": 573.670085,
    "USDXPF": 104.290447,
    "USDYER": 250.397023,
    "USDZAR": 13.582596,
    "USDZMK": 9001.205413,
    "USDZMW": 11.955047,
    "USDZWL": 322.355011
  }
}